{
    "loss": 2.3284804821014404,
    "accuracy": 0.10000000149011612
}